transactionId,dateTime,dropboxId,userId,bottlesDisposed
T0001,2025-01-27 00:28:02,D005,U010,9
T0002,2025-01-03 03:53:31,D005,U002,4
T0003,2025-01-27 09:22:42,D003,U008,10
T0004,2025-01-19 13:22:06,D001,U007,5
T0005,2025-01-28 04:07:12,D003,U004,4
T0006,2025-01-25 09:17:45,D001,U007,9
T0007,2025-01-19 10:27:01,D001,,1
T0008,2025-01-15 22:00:07,D005,U010,1
T0009,2025-01-27 20:54:42,D002,U008,5
T0010,2025-01-19 11:12:24,D002,U010,1
T0011,2025-01-12 10:55:06,D002,U004,10
T0012,2025-01-15 10:48:35,D005,U004,9
T0013,2025-01-10 21:33:03,D001,U007,9
T0014,2025-01-02 13:55:40,D002,U010,7
T0015,2025-01-29 21:24:50,D005,,4
T0016,2025-01-19 11:09:07,D004,U010,8
T0017,2025-01-21 16:37:49,D004,U005,6
T0018,2025-01-09 17:00:04,D003,U009,8
T0019,2025-01-13 20:58:35,D002,U004,3
T0020,2025-01-03 18:38:42,D005,U001,3
T0021,2025-01-07 06:52:25,D001,U010,6
T0022,2025-01-27 19:06:22,D002,U010,9
T0023,2025-01-03 09:54:08,D004,,9
T0024,2025-01-19 14:58:16,D003,U002,7
T0025,2025-01-04 01:12:41,D001,U003,10
T0026,2025-01-24 01:31:16,D004,U005,8
T0027,2025-01-11 01:11:38,D002,U001,4
T0028,2025-01-04 16:37:57,D004,U009,9
T0029,2025-01-04 01:50:12,D001,U010,9
T0030,2025-01-15 13:29:35,D003,U009,6
T0031,2025-01-17 19:57:01,D004,U002,3
T0032,2025-01-14 07:39:00,D001,U003,6
T0033,2025-01-04 03:36:46,D002,,5
T0034,2025-01-01 16:24:15,D003,U004,8
T0035,2025-01-03 16:47:05,D002,,4
T0036,2025-01-15 03:45:30,D004,U002,7
T0037,2025-01-26 21:14:23,D002,U003,4
T0038,2025-01-26 01:15:59,D002,U007,3
T0039,2025-01-16 02:00:57,D004,U009,5
T0040,2025-01-03 22:09:20,D001,U003,4
T0041,2025-01-15 23:00:09,D002,U007,9
T0042,2025-01-04 19:48:34,D004,U004,5
T0043,2025-01-01 12:26:38,D004,U006,5
T0044,2025-01-22 15:21:14,D003,U003,8
T0045,2025-01-27 11:47:05,D004,U009,8
T0046,2025-01-06 01:45:13,D001,U009,2
T0047,2025-01-19 04:02:15,D003,U006,5
T0048,2025-01-22 01:56:07,D002,U001,2
T0049,2025-01-04 03:34:31,D005,U004,9
T0050,2025-01-26 06:32:23,D002,U004,9
T0051,2025-01-16 12:02:50,D003,U004,1
T0052,2025-01-22 01:58:15,D004,U003,5
T0053,2025-01-04 17:55:11,D004,U001,4
T0054,2025-01-10 02:47:41,D001,U001,2
T0055,2025-01-10 19:24:34,D005,U001,9
T0056,2025-01-08 04:00:12,D001,,10
T0057,2025-01-01 22:15:19,D001,U005,6
T0058,2025-01-09 00:39:05,D002,U009,8
T0059,2025-01-21 02:41:06,D003,U008,10
T0060,2025-01-20 02:22:37,D001,U006,4
T0061,2025-01-30 10:28:36,D003,U005,2
T0062,2025-01-13 02:00:52,D003,U008,5
T0063,2025-01-05 11:16:11,D002,U003,4
T0064,2025-01-15 04:30:33,D004,U001,5
T0065,2025-01-01 19:31:20,D003,U004,2
T0066,2025-01-15 15:14:39,D001,U003,1
T0067,2025-01-30 09:49:59,D004,U010,7
T0068,2025-01-05 13:47:18,D005,U004,4
T0069,2025-01-11 04:25:21,D003,U003,5
T0070,2025-01-30 01:12:02,D004,U008,10
T0071,2025-01-10 06:23:36,D003,U004,9
T0072,2025-01-27 19:58:14,D003,U006,10
T0073,2025-01-12 08:56:38,D002,U003,1
T0074,2025-01-11 06:05:29,D003,U005,2
T0075,2025-01-15 18:16:09,D002,U002,3
T0076,2025-01-11 21:37:32,D002,U009,2
T0077,2025-01-20 02:40:59,D003,,8
T0078,2025-01-19 20:14:10,D002,U007,3
T0079,2025-01-23 23:43:37,D005,U005,10
T0080,2025-01-27 16:06:52,D002,U009,8
T0081,2025-01-30 12:18:20,D003,U005,2
T0082,2025-01-16 06:18:50,D003,U005,10
T0083,2025-01-23 17:57:10,D001,,4
T0084,2025-01-09 21:23:50,D003,U002,3
T0085,2025-01-29 07:56:09,D004,U010,4
T0086,2025-01-29 15:51:45,D002,U007,5
T0087,2025-01-24 19:29:54,D001,U003,5
T0088,2025-01-01 14:49:18,D002,U010,10
T0089,2025-01-21 19:16:02,D002,U006,8
T0090,2025-01-25 07:50:58,D002,U008,2
T0091,2025-01-19 20:40:44,D001,U009,4
T0092,2025-01-04 21:44:31,D004,U010,4
T0093,2025-01-17 04:32:35,D003,U003,2
T0094,2025-01-20 17:01:09,D002,U003,9
T0095,2025-01-20 21:41:34,D004,,3
T0096,2025-01-07 12:04:57,D005,U005,9
T0097,2025-01-14 12:58:48,D001,U007,2
T0098,2025-01-19 07:07:10,D005,U005,7
T0099,2025-01-28 21:26:25,D004,U006,2
T0100,2025-01-17 19:32:50,D002,U008,1
T0101,2025-01-09 21:31:14,D002,U007,6
T0102,2025-01-28 06:15:22,D001,U008,8
T0103,2025-01-28 21:00:19,D002,U007,2
T0104,2025-01-23 20:43:59,D005,U004,8
T0105,2025-01-15 14:33:27,D005,,6
T0106,2025-01-21 04:46:35,D005,U003,9
T0107,2025-01-21 08:11:57,D005,U001,9
T0108,2025-01-10 07:43:11,D004,U001,6
T0109,2025-01-19 10:07:08,D003,U007,6
T0110,2025-01-26 02:24:33,D003,U007,1
T0111,2025-01-15 07:50:38,D003,U001,6
T0112,2025-01-26 13:37:22,D005,U006,5
T0113,2025-01-22 18:38:35,D004,U003,6
T0114,2025-01-09 12:56:30,D004,U006,5
T0115,2025-01-20 20:28:49,D005,U008,5
T0116,2025-01-10 13:53:38,D003,U006,9
T0117,2025-01-30 06:08:25,D003,,9
T0118,2025-01-04 06:24:53,D001,U007,4
T0119,2025-01-20 17:57:26,D005,U007,5
T0120,2025-01-10 08:10:11,D005,U003,5
T0121,2025-01-27 18:29:44,D005,U002,7
T0122,2025-01-23 20:44:21,D005,U005,2
T0123,2025-01-28 14:51:44,D004,U008,1
T0124,2025-01-22 08:41:25,D005,U004,7
T0125,2025-01-25 22:33:09,D003,U007,8
T0126,2025-01-21 00:38:15,D004,U006,5
T0127,2025-01-20 13:57:56,D005,U006,4
T0128,2025-01-06 14:48:18,D004,U004,8
T0129,2025-01-30 23:39:10,D001,U007,3
T0130,2025-01-03 21:21:55,D005,U005,2
T0131,2025-01-27 02:14:22,D003,U001,6
T0132,2025-01-10 15:27:34,D002,U004,3
T0133,2025-01-29 14:16:10,D002,U004,1
T0134,2025-01-22 04:51:33,D005,U005,8
T0135,2025-01-28 07:09:51,D003,U001,6
T0136,2025-01-29 10:24:09,D004,U006,8
T0137,2025-01-29 04:40:56,D002,U010,7
T0138,2025-01-20 03:01:41,D002,U004,8
T0139,2025-01-25 23:36:25,D004,U007,1
T0140,2025-01-05 07:29:48,D002,U002,3
T0141,2025-01-04 19:45:38,D003,U009,9
T0142,2025-01-06 10:34:08,D004,U009,10
T0143,2025-01-09 05:53:06,D004,U007,10
T0144,2025-01-13 09:49:04,D005,U006,9
T0145,2025-01-26 19:52:54,D004,U002,2
T0146,2025-01-08 23:18:16,D003,U003,1
T0147,2025-01-12 14:56:39,D003,U004,7
T0148,2025-01-17 08:13:12,D002,U002,10
T0149,2025-01-15 05:16:57,D003,U005,10
T0150,2025-01-06 03:51:22,D003,,10
T0151,2025-01-16 20:22:56,D003,U008,9
T0152,2025-01-02 03:51:51,D003,U010,9
T0153,2025-01-13 08:12:56,D001,U005,6
T0154,2025-01-22 03:49:48,D005,U007,3
T0155,2025-01-15 21:32:02,D003,U007,7
T0156,2025-01-25 01:58:27,D004,U002,6
T0157,2025-01-28 19:43:51,D001,U001,3
T0158,2025-01-20 23:37:41,D005,U001,2
T0159,2025-01-21 14:14:36,D002,,1
T0160,2025-01-18 16:51:13,D003,U007,4
T0161,2025-01-10 15:37:37,D005,U003,10
T0162,2025-01-14 12:24:26,D002,U010,6
T0163,2025-01-25 15:54:46,D003,U007,5
T0164,2025-01-08 07:20:36,D002,U009,8
T0165,2025-01-27 03:56:56,D004,U006,9
T0166,2025-01-03 13:54:36,D002,U004,8
T0167,2025-01-23 12:39:21,D005,U010,5
T0168,2025-01-17 19:38:08,D004,U004,10
T0169,2025-01-22 19:37:48,D001,U005,2
T0170,2025-01-28 17:25:18,D001,U009,9
T0171,2025-01-22 09:54:37,D001,U005,10
T0172,2025-01-16 18:47:09,D005,U002,3
T0173,2025-01-28 20:38:24,D003,U006,9
T0174,2025-01-12 08:00:47,D003,U003,6
T0175,2025-01-01 07:31:03,D005,U004,8
T0176,2025-01-06 09:08:19,D002,U009,6
T0177,2025-01-26 14:34:37,D004,U004,8
T0178,2025-01-12 03:40:25,D003,U005,7
T0179,2025-01-03 16:05:14,D004,U003,4
T0180,2025-01-17 02:06:27,D005,U006,2
T0181,2025-01-26 19:58:01,D001,U008,9
T0182,2025-01-29 01:45:43,D002,U002,7
T0183,2025-01-20 10:37:01,D003,U004,10
T0184,2025-01-20 11:16:50,D002,U001,2
T0185,2025-01-29 13:59:57,D003,U009,9
T0186,2025-01-02 23:16:14,D001,U007,7
T0187,2025-01-19 15:58:22,D005,U010,2
T0188,2025-01-12 20:05:13,D001,U002,4
T0189,2025-01-15 07:20:22,D003,U002,2
T0190,2025-01-26 01:48:52,D004,U006,1
T0191,2025-01-06 00:18:47,D004,U003,2
T0192,2025-01-03 15:01:47,D001,U003,8
T0193,2025-01-22 15:51:08,D001,U005,6
T0194,2025-01-24 21:05:56,D001,,3
T0195,2025-01-06 11:45:57,D003,U003,5
T0196,2025-01-03 13:22:26,D001,U008,10
T0197,2025-01-24 09:35:43,D001,U006,3
T0198,2025-01-28 08:22:32,D001,U005,3
T0199,2025-01-02 11:50:56,D002,U001,8
T0200,2025-01-05 06:51:05,D003,U009,6
T0201,2025-01-02 09:59:40,D003,U009,2
T0202,2025-01-25 03:33:57,D002,U002,7
T0203,2025-01-10 09:14:46,D002,U001,3
T0204,2025-01-26 04:25:32,D003,U009,9
T0205,2025-01-18 17:14:00,D005,U006,3
T0206,2025-01-10 11:28:37,D004,U002,7
T0207,2025-01-17 20:00:25,D001,U009,7
T0208,2025-01-02 16:05:31,D004,U007,7
T0209,2025-01-16 23:36:39,D002,U004,8
T0210,2025-01-04 23:14:40,D004,U010,6
T0211,2025-01-29 06:13:15,D003,U005,6
T0212,2025-01-21 00:09:13,D001,U008,5
T0213,2025-01-06 09:45:58,D003,U005,2
T0214,2025-01-29 23:54:41,D003,U001,8
T0215,2025-01-19 13:47:34,D002,U007,10
T0216,2025-01-07 12:55:43,D003,U007,3
T0217,2025-01-19 12:28:59,D003,U006,10
T0218,2025-01-07 03:36:50,D004,U003,9
T0219,2025-01-29 04:16:23,D003,U004,6
T0220,2025-01-08 04:09:53,D002,U010,4
T0221,2025-01-21 19:01:54,D003,U007,7
T0222,2025-01-06 06:10:11,D002,U010,1
T0223,2025-01-11 05:02:28,D005,U003,5
T0224,2025-01-20 14:22:10,D004,U006,5
T0225,2025-01-18 16:12:31,D003,U007,1
T0226,2025-01-09 23:21:08,D001,U007,7
T0227,2025-01-16 22:10:33,D003,U006,5
T0228,2025-01-03 23:54:30,D004,U008,5
T0229,2025-01-12 03:32:13,D002,U010,6
T0230,2025-01-25 21:32:21,D001,U001,5
T0231,2025-01-02 06:13:57,D004,U009,4
T0232,2025-01-18 00:15:10,D003,U004,9
T0233,2025-01-14 05:27:06,D004,U007,7
T0234,2025-01-09 12:47:01,D001,U004,1
T0235,2025-01-19 07:32:36,D004,U009,10
T0236,2025-01-24 08:36:29,D003,U002,7
T0237,2025-01-26 14:59:22,D004,,9
T0238,2025-01-19 10:34:09,D004,U008,7
T0239,2025-01-11 18:18:02,D002,U008,2
T0240,2025-01-11 18:08:55,D002,U008,6
T0241,2025-01-01 11:45:32,D003,U003,6
T0242,2025-01-18 19:34:55,D004,U007,10
T0243,2025-01-29 04:24:29,D002,U006,10
T0244,2025-01-28 18:11:51,D002,U004,5
T0245,2025-01-17 00:13:14,D002,,8
T0246,2025-01-09 17:36:53,D002,U001,2
T0247,2025-01-14 11:13:00,D003,U010,9
T0248,2025-01-30 22:34:21,D002,U007,1
T0249,2025-01-04 07:59:06,D004,U006,9
T0250,2025-01-25 23:21:14,D001,U008,6
T0251,2025-01-30 22:16:23,D003,U003,10
T0252,2025-01-01 20:15:47,D003,U010,9
T0253,2025-01-02 22:21:19,D001,U006,5
T0254,2025-01-06 07:28:44,D004,U010,1
T0255,2025-01-11 07:59:51,D001,U001,3
T0256,2025-01-25 20:52:01,D004,U008,8
T0257,2025-01-14 10:05:15,D005,U002,7
T0258,2025-01-10 07:52:09,D005,U005,7
T0259,2025-01-10 15:31:46,D004,,8
T0260,2025-01-16 17:16:18,D001,U002,9
T0261,2025-01-05 02:51:09,D005,U005,2
T0262,2025-01-25 03:21:56,D005,U008,2
T0263,2025-01-19 06:33:58,D004,U006,6
T0264,2025-01-05 16:36:47,D005,U005,2
T0265,2025-01-06 19:23:45,D004,U001,6
T0266,2025-01-11 01:00:58,D005,U005,5
T0267,2025-01-21 23:10:07,D003,U007,9
T0268,2025-01-14 10:47:20,D004,,9
T0269,2025-01-26 23:34:17,D003,U002,5
T0270,2025-01-30 21:36:34,D005,U006,5
T0271,2025-01-11 05:26:13,D005,U005,4
T0272,2025-01-08 19:58:49,D003,U003,6
T0273,2025-01-15 13:04:39,D005,,1
T0274,2025-01-19 14:00:58,D004,U001,4
T0275,2025-01-15 03:20:49,D005,U007,7
T0276,2025-01-08 06:19:36,D002,U003,8
T0277,2025-01-11 19:50:24,D005,U009,5
T0278,2025-01-14 03:43:15,D003,U003,3
T0279,2025-01-04 19:03:02,D002,U010,7
T0280,2025-01-21 16:37:45,D002,U004,2
T0281,2025-01-28 18:07:52,D002,U002,8
T0282,2025-01-20 03:43:00,D003,U001,5
T0283,2025-01-08 02:53:15,D004,U002,5
T0284,2025-01-08 14:01:04,D002,U005,5
T0285,2025-01-19 22:35:07,D002,U002,6
T0286,2025-01-21 06:07:07,D002,,6
T0287,2025-01-01 15:52:11,D002,U003,1
T0288,2025-01-15 06:02:21,D005,U009,9
T0289,2025-01-18 18:40:52,D004,U005,10
T0290,2025-01-27 22:55:18,D003,U008,8
T0291,2025-01-29 09:05:25,D003,U009,1
T0292,2025-01-27 00:34:27,D002,U005,2
T0293,2025-01-17 16:29:46,D003,U008,4
T0294,2025-01-29 08:05:31,D005,U006,3
T0295,2025-01-24 20:53:35,D005,,8
T0296,2025-01-25 05:49:32,D003,U007,9
T0297,2025-01-12 05:00:02,D001,U005,2
T0298,2025-01-02 06:30:57,D004,U007,9
T0299,2025-01-08 13:26:03,D001,U001,10
T0300,2025-01-22 02:44:23,D005,,8
T0301,2025-01-04 20:01:15,D002,U008,3
T0302,2025-01-27 16:28:00,D002,U004,6
T0303,2025-01-25 10:51:08,D003,U002,9
T0304,2025-01-04 07:30:20,D003,U003,4
T0305,2025-01-19 13:53:59,D001,U009,8
T0306,2025-01-04 07:50:39,D003,U009,1
T0307,2025-01-10 14:37:52,D002,,3
T0308,2025-01-14 18:54:29,D004,U006,2
T0309,2025-01-11 12:00:42,D002,U005,6
T0310,2025-01-09 08:34:23,D002,U004,2
T0311,2025-01-03 16:21:49,D005,U002,7
T0312,2025-01-01 22:54:49,D004,U009,8
T0313,2025-01-20 18:02:36,D002,,8
T0314,2025-01-10 10:22:58,D003,U006,1
T0315,2025-01-27 12:36:53,D002,,8
T0316,2025-01-21 10:51:31,D003,U002,8
T0317,2025-01-14 10:39:38,D001,U007,8
T0318,2025-01-29 15:07:03,D005,U001,5
T0319,2025-01-24 11:59:49,D005,U008,9
T0320,2025-01-03 08:45:34,D005,U006,5
T0321,2025-01-05 05:09:58,D004,,10
T0322,2025-01-23 19:55:13,D003,U002,8
T0323,2025-01-28 21:42:42,D001,U007,7
T0324,2025-01-12 02:13:50,D003,U006,10
T0325,2025-01-16 00:09:13,D001,U005,5
T0326,2025-01-19 13:04:54,D004,U002,8
T0327,2025-01-13 03:44:44,D004,U007,9
T0328,2025-01-28 16:31:20,D005,U006,10
T0329,2025-01-26 11:36:34,D002,U009,2
T0330,2025-01-03 15:13:31,D003,U009,5
T0331,2025-01-13 07:30:56,D003,U001,1
T0332,2025-01-17 19:14:54,D004,U003,10
T0333,2025-01-21 11:44:43,D004,U006,10
T0334,2025-01-30 18:32:36,D004,U002,7
T0335,2025-01-30 16:11:41,D003,U009,7
T0336,2025-01-21 10:54:35,D003,,4
T0337,2025-01-05 16:34:13,D001,U006,7
T0338,2025-01-11 03:15:20,D001,,7
T0339,2025-01-15 03:22:23,D002,U001,9
T0340,2025-01-01 14:17:01,D003,U004,6
T0341,2025-01-10 21:01:49,D005,U009,4
T0342,2025-01-02 05:30:19,D003,U003,4
T0343,2025-01-08 07:58:10,D004,U007,5
T0344,2025-01-06 14:47:17,D005,U008,5
T0345,2025-01-08 03:19:21,D002,U007,6
T0346,2025-01-06 18:58:22,D002,U008,8
T0347,2025-01-03 21:16:46,D003,U003,1
T0348,2025-01-20 10:36:26,D003,,8
T0349,2025-01-27 08:30:53,D001,U009,2
T0350,2025-01-21 11:45:32,D002,U010,8
T0351,2025-01-13 02:26:48,D004,U001,5
T0352,2025-01-19 00:56:37,D001,,8
T0353,2025-01-15 09:48:30,D003,U002,2
T0354,2025-01-25 23:44:19,D005,U004,7
T0355,2025-01-22 15:45:29,D003,U010,1
T0356,2025-01-15 23:19:00,D001,U010,4
T0357,2025-01-09 08:51:09,D001,U009,1
T0358,2025-01-05 06:51:41,D005,U007,8
T0359,2025-01-14 17:45:56,D003,U008,5
T0360,2025-01-24 09:39:22,D001,U001,8
T0361,2025-01-10 13:57:06,D005,U003,9
T0362,2025-01-21 16:44:35,D001,U005,9
T0363,2025-01-24 00:31:12,D004,U005,2
T0364,2025-01-14 07:40:26,D001,U001,5
T0365,2025-01-20 18:03:30,D002,U006,10
T0366,2025-01-14 20:05:32,D002,U006,9
T0367,2025-01-05 01:48:14,D004,U004,9
T0368,2025-01-26 02:21:51,D004,,1
T0369,2025-01-11 08:08:27,D005,U010,7
T0370,2025-01-23 05:27:27,D001,U010,8
T0371,2025-01-04 06:21:17,D005,U003,3
T0372,2025-01-21 00:27:30,D004,U004,6
T0373,2025-01-27 09:14:21,D005,U008,5
T0374,2025-01-07 20:02:53,D004,U010,8
T0375,2025-01-03 21:19:38,D004,U001,1
T0376,2025-01-16 22:15:25,D003,U002,6
T0377,2025-01-06 17:54:46,D001,U002,9
T0378,2025-01-03 03:39:04,D001,U005,7
T0379,2025-01-27 12:53:58,D002,U001,3
T0380,2025-01-09 22:48:03,D003,U007,4
T0381,2025-01-22 16:57:13,D001,U003,3
T0382,2025-01-28 06:46:33,D005,U002,5
T0383,2025-01-08 09:27:29,D005,U004,5
T0384,2025-01-21 06:29:34,D003,U008,5
T0385,2025-01-20 15:56:47,D002,U009,6
T0386,2025-01-06 11:37:01,D003,U003,9
T0387,2025-01-17 18:37:18,D003,U009,5
T0388,2025-01-13 06:38:43,D002,U006,10
T0389,2025-01-29 15:59:31,D003,,1
T0390,2025-01-07 00:20:31,D003,U008,5
T0391,2025-01-29 21:34:52,D003,U008,3
T0392,2025-01-05 04:05:32,D002,U003,8
T0393,2025-01-27 23:43:57,D003,U004,8
T0394,2025-01-02 21:25:11,D002,U006,10
T0395,2025-01-26 00:55:09,D004,U002,1
T0396,2025-01-18 16:14:43,D005,U008,3
T0397,2025-01-08 22:12:45,D002,,5
T0398,2025-01-12 19:57:30,D003,U004,1
T0399,2025-01-06 23:24:59,D002,U004,2
T0400,2025-01-04 13:52:42,D003,U002,4
T0401,2025-01-11 01:47:33,D001,U002,3
T0402,2025-01-05 18:42:05,D005,U002,4
T0403,2025-01-13 01:15:28,D003,U002,1
T0404,2025-01-23 20:38:43,D004,U002,6
T0405,2025-01-02 06:30:19,D004,U003,7
T0406,2025-01-28 09:27:26,D002,U007,9
T0407,2025-01-26 13:15:00,D001,U007,1
T0408,2025-01-28 21:38:51,D005,U004,8
T0409,2025-01-07 03:45:56,D001,U009,8
T0410,2025-01-05 00:35:07,D003,U007,4
T0411,2025-01-13 14:52:39,D001,U008,1
T0412,2025-01-14 05:07:37,D005,U008,4
T0413,2025-01-01 03:57:46,D003,U001,8
T0414,2025-01-12 10:41:09,D001,U010,10
T0415,2025-01-22 14:29:57,D001,,1
T0416,2025-01-11 19:32:26,D003,U010,9
T0417,2025-01-11 15:58:59,D001,U002,5
T0418,2025-01-30 13:31:09,D002,U004,8
T0419,2025-01-13 16:03:28,D001,U007,9
T0420,2025-01-27 08:05:21,D005,U008,2
T0421,2025-01-01 12:39:59,D003,,4
T0422,2025-01-25 19:24:49,D002,U004,9
T0423,2025-01-14 00:03:17,D004,U001,1
T0424,2025-01-10 13:17:15,D001,U001,6
T0425,2025-01-09 05:49:00,D004,U001,8
T0426,2025-01-22 08:03:05,D005,U008,6
T0427,2025-01-23 16:06:10,D004,U001,5
T0428,2025-01-02 02:18:50,D004,U007,1
T0429,2025-01-11 12:21:10,D002,U003,4
T0430,2025-01-12 08:45:29,D003,U010,5
T0431,2025-01-30 12:26:17,D002,U001,1
T0432,2025-01-24 00:29:22,D003,U007,5
T0433,2025-01-26 16:15:12,D003,U001,5
T0434,2025-01-01 08:46:40,D004,U001,7
T0435,2025-01-21 12:19:02,D002,U010,4
T0436,2025-01-18 23:10:32,D005,U005,7
T0437,2025-01-04 19:08:09,D002,U002,10
T0438,2025-01-09 14:12:41,D004,,2
T0439,2025-01-23 20:25:36,D003,U004,9
T0440,2025-01-28 12:52:26,D001,U006,3
T0441,2025-01-28 22:49:54,D005,U009,10
T0442,2025-01-06 21:40:36,D005,U002,7
T0443,2025-01-03 14:41:54,D005,U006,3
T0444,2025-01-25 15:56:41,D001,U007,7
T0445,2025-01-16 03:00:15,D003,U001,1
T0446,2025-01-04 08:40:09,D004,U009,8
T0447,2025-01-16 11:22:38,D002,U003,4
T0448,2025-01-02 12:24:08,D004,U010,5
T0449,2025-01-01 02:44:40,D005,U001,4
T0450,2025-01-09 21:46:02,D003,U007,6
T0451,2025-01-27 10:26:22,D004,U006,2
T0452,2025-01-29 16:19:10,D003,U009,9
T0453,2025-01-06 04:41:47,D004,U010,5
T0454,2025-01-19 08:24:18,D004,,6
T0455,2025-01-27 03:53:52,D004,U003,1
T0456,2025-01-08 07:42:03,D003,U007,5
T0457,2025-01-14 06:50:44,D001,U002,4
T0458,2025-01-05 08:24:28,D005,U007,10
T0459,2025-01-24 08:20:14,D004,U010,4
T0460,2025-01-03 05:57:54,D004,U001,9
T0461,2025-01-02 11:53:53,D003,U009,2
T0462,2025-01-11 16:14:43,D001,U004,9
T0463,2025-01-22 06:43:14,D001,U006,1
T0464,2025-01-01 18:03:13,D005,U007,6
T0465,2025-01-28 16:55:20,D005,U009,2
T0466,2025-01-04 09:38:17,D004,U002,4
T0467,2025-01-06 16:41:57,D001,U004,8
T0468,2025-01-19 12:27:56,D004,U004,4
T0469,2025-01-09 15:17:44,D003,U007,7
T0470,2025-01-02 18:51:28,D001,U007,2
T0471,2025-01-15 21:30:28,D005,U003,10
T0472,2025-01-01 09:20:30,D001,U007,8
T0473,2025-01-17 01:57:46,D004,U005,6
T0474,2025-01-28 00:45:58,D001,U004,1
T0475,2025-01-11 10:53:13,D002,U004,3
T0476,2025-01-20 05:05:54,D005,U004,7
T0477,2025-01-05 17:19:03,D005,U001,8
T0478,2025-01-16 20:30:25,D002,U004,5
T0479,2025-01-16 04:00:58,D004,U009,8
T0480,2025-01-04 23:57:47,D004,U002,5
T0481,2025-01-02 20:35:29,D005,U007,4
T0482,2025-01-27 04:59:44,D002,U007,6
T0483,2025-01-24 11:53:15,D003,U003,3
T0484,2025-01-21 03:13:43,D005,U006,10
T0485,2025-01-06 14:34:37,D004,U006,7
T0486,2025-01-12 11:51:06,D005,U006,10
T0487,2025-01-09 13:10:14,D005,U009,10
T0488,2025-01-05 07:54:48,D003,U007,6
T0489,2025-01-11 08:39:26,D003,U007,9
T0490,2025-01-03 21:45:18,D002,U004,2
T0491,2025-01-13 02:50:38,D003,U001,2
T0492,2025-01-11 13:06:14,D001,U004,1
T0493,2025-01-10 07:10:44,D005,U009,10
T0494,2025-01-20 01:19:11,D001,U008,1
T0495,2025-01-03 01:47:40,D001,U002,6
T0496,2025-01-25 20:10:50,D005,,7
T0497,2025-01-12 22:40:12,D002,U006,8
T0498,2025-01-06 15:23:04,D005,,3
T0499,2025-01-29 17:22:07,D001,U010,8
T0500,2025-01-12 04:27:55,D005,U001,10
T0501,2025-01-06 14:03:34,D005,U004,8
T0502,2025-01-14 01:43:07,D004,U005,1
T0503,2025-01-16 11:07:30,D001,U005,9
T0504,2025-01-17 18:21:22,D001,U007,5
T0505,2025-01-20 03:36:01,D002,U002,8
T0506,2025-01-01 06:21:58,D003,U010,2
T0507,2025-01-10 19:17:20,D002,U007,8
T0508,2025-01-01 17:07:58,D002,U010,7
T0509,2025-01-27 15:04:55,D001,U009,4
T0510,2025-01-10 00:36:10,D001,,8
T0511,2025-01-17 08:35:09,D004,U005,2
T0512,2025-01-23 11:22:44,D002,U003,3
T0513,2025-01-25 02:48:33,D003,U007,9
T0514,2025-01-22 22:02:00,D003,,1
T0515,2025-01-07 11:44:42,D003,,1
T0516,2025-01-30 08:33:21,D001,U005,1
T0517,2025-01-22 01:53:16,D003,U009,4
T0518,2025-01-11 09:53:15,D004,U010,8
T0519,2025-01-13 06:25:48,D002,U002,10
T0520,2025-01-01 14:00:42,D002,U006,8
T0521,2025-01-22 22:17:03,D003,U003,2
T0522,2025-01-16 06:45:12,D003,U005,1
T0523,2025-01-27 07:22:27,D002,U003,9
T0524,2025-01-13 18:11:17,D002,U007,8
T0525,2025-01-06 07:21:39,D004,U009,7
T0526,2025-01-23 20:22:41,D001,U001,9
T0527,2025-01-04 15:17:41,D004,U006,2
T0528,2025-01-01 17:45:39,D001,U002,4
T0529,2025-01-11 22:36:25,D001,U007,10
T0530,2025-01-28 05:48:32,D002,U002,2
T0531,2025-01-28 13:37:03,D004,,1
T0532,2025-01-11 18:44:37,D004,U008,3
T0533,2025-01-25 22:22:01,D002,U005,4
T0534,2025-01-10 21:03:41,D003,U007,10
T0535,2025-01-14 11:17:10,D004,U010,9
T0536,2025-01-07 18:00:37,D005,U003,4
T0537,2025-01-20 04:35:40,D001,U010,3
T0538,2025-01-10 03:27:45,D005,U002,4
T0539,2025-01-29 14:51:07,D003,U006,2
T0540,2025-01-22 03:19:51,D005,U002,7
T0541,2025-01-21 06:46:17,D004,U007,3
T0542,2025-01-14 16:41:12,D005,U006,10
T0543,2025-01-04 00:17:28,D005,U008,8
T0544,2025-01-15 22:40:02,D003,U003,9
T0545,2025-01-16 10:03:44,D004,U002,4
T0546,2025-01-11 09:40:55,D001,U005,6
T0547,2025-01-12 23:22:29,D002,U002,7
T0548,2025-01-28 23:29:31,D003,U007,2
T0549,2025-01-28 12:57:19,D003,U009,9
T0550,2025-01-19 14:31:13,D004,U001,3
T0551,2025-01-09 18:57:50,D003,,6
T0552,2025-01-30 03:52:14,D001,U010,9
T0553,2025-01-11 00:54:15,D005,U010,8
T0554,2025-01-15 02:50:11,D003,U005,6
T0555,2025-01-17 06:01:56,D001,,8
T0556,2025-01-07 17:15:16,D003,U006,7
T0557,2025-01-19 10:43:55,D005,U009,4
T0558,2025-01-24 13:27:05,D001,U008,4
T0559,2025-01-28 07:14:14,D001,U003,8
T0560,2025-01-07 09:52:31,D001,U009,10
T0561,2025-01-03 07:18:03,D001,U003,2
T0562,2025-01-22 09:48:42,D003,U001,7
T0563,2025-01-24 04:28:32,D002,U010,5
T0564,2025-01-28 05:45:37,D001,U007,7
T0565,2025-01-12 21:05:16,D004,U005,2
T0566,2025-01-27 20:46:38,D003,U009,10
T0567,2025-01-25 08:07:29,D001,U010,7
T0568,2025-01-08 13:40:11,D002,U005,7
T0569,2025-01-25 02:48:52,D001,U008,4
T0570,2025-01-08 22:57:10,D002,U010,10
T0571,2025-01-02 17:19:04,D003,U006,2
T0572,2025-01-04 14:06:12,D002,U006,4
T0573,2025-01-09 13:19:33,D004,U009,5
T0574,2025-01-13 02:48:06,D005,U010,1
T0575,2025-01-27 00:03:47,D002,U007,4
T0576,2025-01-21 10:22:52,D003,U010,8
T0577,2025-01-28 18:53:50,D003,U006,5
T0578,2025-01-12 23:38:52,D001,U006,7
T0579,2025-01-15 07:08:42,D005,U007,3
T0580,2025-01-26 13:27:24,D001,U009,4
T0581,2025-01-14 10:52:10,D003,U001,3
T0582,2025-01-05 14:10:59,D001,U009,3
T0583,2025-01-03 23:24:30,D003,U008,6
T0584,2025-01-28 00:17:56,D002,U008,10
T0585,2025-01-01 17:13:06,D002,U008,7
T0586,2025-01-18 16:33:31,D005,U008,1
T0587,2025-01-29 08:05:38,D003,U001,5
T0588,2025-01-21 02:42:49,D001,U001,8
T0589,2025-01-01 12:22:58,D002,U005,2
T0590,2025-01-19 01:50:24,D005,,1
T0591,2025-01-24 09:47:35,D002,U004,2
T0592,2025-01-13 07:17:23,D001,U004,3
T0593,2025-01-04 15:32:39,D001,U008,3
T0594,2025-01-14 11:15:55,D002,,7
T0595,2025-01-07 20:49:28,D003,U006,9
T0596,2025-01-03 14:31:44,D004,U005,6
T0597,2025-01-27 10:38:01,D001,U002,9
T0598,2025-01-27 15:19:16,D002,U002,10
T0599,2025-01-01 21:47:56,D001,U010,10
T0600,2025-01-04 02:53:35,D004,U005,5
T0601,2025-01-30 09:18:55,D003,U007,3
T0602,2025-01-27 01:47:34,D003,U007,10
T0603,2025-01-20 05:33:41,D005,U003,2
T0604,2025-01-16 19:03:59,D004,U003,9
T0605,2025-01-19 07:14:28,D002,U005,6
T0606,2025-01-08 01:29:40,D002,U007,1
T0607,2025-01-11 22:04:21,D004,,7
T0608,2025-01-15 08:07:02,D002,U004,2
T0609,2025-01-02 10:07:52,D004,U004,7
T0610,2025-01-10 01:40:35,D004,U004,6
T0611,2025-01-27 09:21:16,D003,U009,9
T0612,2025-01-14 04:38:33,D005,U001,7
T0613,2025-01-25 21:18:02,D005,U004,3
T0614,2025-01-23 16:48:04,D005,U008,2
T0615,2025-01-04 19:51:45,D002,U009,8
T0616,2025-01-26 06:03:07,D001,U002,1
T0617,2025-01-04 11:44:32,D004,,6
T0618,2025-01-10 03:18:48,D004,U007,6
T0619,2025-01-22 22:26:53,D005,U002,4
T0620,2025-01-23 19:10:16,D003,U010,1
T0621,2025-01-08 10:30:32,D002,U007,8
T0622,2025-01-19 21:45:10,D003,U009,2
T0623,2025-01-16 23:48:13,D004,U007,7
T0624,2025-01-09 04:05:22,D003,U006,5
T0625,2025-01-29 20:55:16,D005,U003,4
T0626,2025-01-24 07:40:06,D005,U006,8
T0627,2025-01-21 06:08:45,D001,U007,2
T0628,2025-01-03 09:03:05,D005,U008,6
T0629,2025-01-02 04:49:37,D001,U004,8
T0630,2025-01-26 15:07:35,D003,U001,1
T0631,2025-01-19 15:02:06,D004,U010,2
T0632,2025-01-04 21:37:46,D005,U008,2
T0633,2025-01-16 12:48:11,D004,U010,1
T0634,2025-01-14 14:04:33,D002,U006,10
T0635,2025-01-14 02:40:58,D001,,8
T0636,2025-01-10 05:08:07,D004,U002,8
T0637,2025-01-11 15:50:40,D003,U004,6
T0638,2025-01-24 12:38:33,D002,U004,3
T0639,2025-01-30 16:23:10,D005,U003,9
T0640,2025-01-06 13:07:59,D005,U001,5
T0641,2025-01-24 14:13:37,D003,U005,7
T0642,2025-01-13 11:28:27,D005,U010,3
T0643,2025-01-17 06:44:50,D005,U007,4
T0644,2025-01-06 06:30:48,D005,U002,4
T0645,2025-01-09 17:32:52,D004,U006,10
T0646,2025-01-12 17:56:57,D005,U009,5
T0647,2025-01-30 07:24:42,D003,U006,6
T0648,2025-01-19 22:57:23,D003,U005,1
T0649,2025-01-23 13:07:23,D001,U005,7
T0650,2025-01-23 03:19:41,D004,U007,6
T0651,2025-01-04 16:01:25,D001,,7
T0652,2025-01-15 06:36:11,D003,U008,3
T0653,2025-01-23 02:32:36,D005,U003,4
T0654,2025-01-17 11:31:59,D005,U002,8
T0655,2025-01-20 09:07:43,D004,,4
T0656,2025-01-09 20:35:02,D003,U005,6
T0657,2025-01-08 04:52:26,D005,U009,2
T0658,2025-01-20 12:18:17,D001,U009,3
T0659,2025-01-18 12:13:13,D003,U009,10
T0660,2025-01-30 08:26:55,D003,U007,6
T0661,2025-01-24 11:31:54,D005,U009,10
T0662,2025-01-26 03:59:37,D004,U009,6
T0663,2025-01-27 13:50:33,D005,U004,10
T0664,2025-01-15 07:48:35,D001,U001,10
T0665,2025-01-19 20:07:20,D001,U010,3
T0666,2025-01-02 16:26:39,D003,,3
T0667,2025-01-11 22:54:52,D005,U002,6
T0668,2025-01-24 12:10:55,D003,,3
T0669,2025-01-22 08:13:08,D005,U009,3
T0670,2025-01-04 09:38:20,D002,U005,2
T0671,2025-01-24 01:00:26,D002,U007,4
T0672,2025-01-24 05:55:37,D003,U002,9
T0673,2025-01-22 05:24:38,D005,U004,4
T0674,2025-01-18 04:24:36,D005,U002,10
T0675,2025-01-14 18:50:09,D003,U006,5
T0676,2025-01-07 23:07:15,D001,U004,2
T0677,2025-01-14 17:29:19,D005,U006,5
T0678,2025-01-27 04:40:54,D003,U009,8
T0679,2025-01-30 00:28:39,D002,U006,2
T0680,2025-01-10 13:27:31,D004,U007,6
T0681,2025-01-24 08:20:17,D002,U010,3
T0682,2025-01-20 22:40:38,D004,U005,8
T0683,2025-01-07 20:07:54,D004,U007,2
T0684,2025-01-17 21:21:12,D005,U009,5
T0685,2025-01-08 09:50:17,D001,U003,9
T0686,2025-01-21 08:46:30,D003,U005,2
T0687,2025-01-03 23:04:36,D001,U006,1
T0688,2025-01-23 17:34:51,D004,U004,2
T0689,2025-01-20 18:49:17,D002,U003,10
T0690,2025-01-24 03:41:16,D001,U004,5
T0691,2025-01-06 07:33:36,D001,U010,6
T0692,2025-01-17 09:45:44,D004,U002,1
T0693,2025-01-26 13:10:29,D004,U010,4
T0694,2025-01-03 05:54:12,D003,U002,5
T0695,2025-01-03 20:44:24,D001,U006,4
T0696,2025-01-26 19:53:04,D005,U009,7
T0697,2025-01-25 06:09:01,D005,U006,8
T0698,2025-01-07 01:51:31,D005,U001,6
T0699,2025-01-12 14:47:30,D003,U009,6
T0700,2025-01-26 15:06:01,D005,U006,9
T0701,2025-01-25 12:51:25,D005,U003,6
T0702,2025-01-07 22:00:17,D004,U009,6
T0703,2025-01-22 13:06:01,D005,U010,3
T0704,2025-01-05 10:59:10,D001,U003,7
T0705,2025-01-01 06:37:15,D002,U007,9
T0706,2025-01-17 12:27:12,D001,U005,6
T0707,2025-01-21 16:24:08,D002,U002,2
T0708,2025-01-20 22:39:23,D004,U001,10
T0709,2025-01-05 07:04:58,D002,U007,7
T0710,2025-01-05 13:34:40,D002,,6
T0711,2025-01-27 18:43:06,D004,U004,8
T0712,2025-01-10 22:25:34,D004,U004,10
T0713,2025-01-23 17:48:38,D004,U006,8
T0714,2025-01-18 04:23:52,D005,U009,4
T0715,2025-01-14 03:58:36,D001,U007,8
T0716,2025-01-23 18:41:53,D002,U005,2
T0717,2025-01-11 05:45:56,D001,U001,5
T0718,2025-01-05 16:06:08,D005,U010,8
T0719,2025-01-12 17:48:12,D002,,9
T0720,2025-01-23 04:30:08,D003,U003,2
T0721,2025-01-27 06:20:37,D005,U008,2
T0722,2025-01-30 18:50:50,D004,U005,1
T0723,2025-01-07 12:08:29,D004,,10
T0724,2025-01-06 22:26:42,D001,U010,2
T0725,2025-01-03 13:24:03,D003,U005,9
T0726,2025-01-25 18:34:13,D005,U001,9
T0727,2025-01-20 15:07:10,D004,U001,6
T0728,2025-01-15 11:10:36,D002,U008,2
T0729,2025-01-07 19:14:01,D004,U007,4
T0730,2025-01-03 13:53:34,D003,U002,8
T0731,2025-01-20 12:37:22,D004,,1
T0732,2025-01-13 18:07:29,D003,U001,8
T0733,2025-01-21 11:56:00,D002,U003,2
T0734,2025-01-29 14:49:16,D002,U009,9
T0735,2025-01-19 22:56:57,D005,U003,4
T0736,2025-01-25 23:10:49,D004,U010,5
T0737,2025-01-27 12:23:31,D005,U003,7
T0738,2025-01-27 06:10:40,D003,U010,2
T0739,2025-01-13 18:52:12,D003,U009,2
T0740,2025-01-15 12:34:18,D004,U005,10
T0741,2025-01-18 09:21:03,D003,U004,3
T0742,2025-01-28 06:51:56,D005,,7
T0743,2025-01-22 03:04:11,D005,U007,7
T0744,2025-01-30 17:33:47,D003,U003,7
T0745,2025-01-04 20:03:16,D003,U001,9
T0746,2025-01-09 05:00:55,D002,U007,2
T0747,2025-01-27 14:57:39,D005,U003,3
T0748,2025-01-03 06:43:13,D005,U010,1
T0749,2025-01-04 06:37:10,D002,U009,1
T0750,2025-01-06 20:29:11,D003,U002,4
T0751,2025-01-15 21:38:33,D003,U003,5
T0752,2025-01-09 19:05:42,D004,U002,4
T0753,2025-01-11 03:18:08,D005,U009,4
T0754,2025-01-27 16:13:51,D002,U008,1
T0755,2025-01-12 23:50:15,D005,,7
T0756,2025-01-18 21:29:12,D005,U007,6
T0757,2025-01-15 20:55:07,D005,U010,10
T0758,2025-01-01 08:09:03,D003,U002,6
T0759,2025-01-15 09:19:35,D005,U004,7
T0760,2025-01-11 01:39:32,D003,U005,9
T0761,2025-01-24 10:40:30,D004,U010,2
T0762,2025-01-29 05:49:48,D001,,9
T0763,2025-01-19 17:25:26,D004,U008,9
T0764,2025-01-26 23:46:27,D001,U002,4
T0765,2025-01-30 22:36:44,D001,U001,5
T0766,2025-01-12 21:10:52,D001,U002,2
T0767,2025-01-29 06:47:20,D003,U006,10
T0768,2025-01-18 13:22:39,D001,U006,7
T0769,2025-01-21 04:29:05,D002,U004,10
T0770,2025-01-10 00:50:00,D002,U003,2
T0771,2025-01-02 08:34:39,D005,U001,6
T0772,2025-01-12 14:58:28,D001,U005,5
T0773,2025-01-15 21:27:38,D003,U005,8
T0774,2025-01-21 18:20:33,D005,U005,8
T0775,2025-01-29 10:21:53,D002,U009,10
T0776,2025-01-13 17:33:42,D003,U007,8
T0777,2025-01-17 10:50:17,D002,U010,10
T0778,2025-01-29 04:20:18,D001,U008,9
T0779,2025-01-03 07:47:13,D005,U001,5
T0780,2025-01-25 23:05:01,D003,U004,6
T0781,2025-01-09 17:17:58,D001,U004,7
T0782,2025-01-09 05:42:22,D001,U002,8
T0783,2025-01-21 15:36:17,D001,U006,5
T0784,2025-01-26 02:40:54,D003,U002,5
T0785,2025-01-17 03:39:01,D002,U010,10
T0786,2025-01-23 15:56:06,D003,U002,1
T0787,2025-01-17 19:46:21,D003,U006,6
T0788,2025-01-22 13:44:21,D002,U010,2
T0789,2025-01-20 11:06:09,D003,U001,8
T0790,2025-01-13 19:37:54,D004,U005,2
T0791,2025-01-16 09:43:19,D004,U004,2
T0792,2025-01-04 15:20:20,D003,U006,1
T0793,2025-01-15 12:56:13,D002,U003,9
T0794,2025-01-21 03:48:49,D004,U002,4
T0795,2025-01-23 22:41:35,D005,U006,9
T0796,2025-01-13 01:21:38,D003,U005,7
T0797,2025-01-17 06:20:54,D001,U003,10
T0798,2025-01-17 18:19:26,D001,U003,5
T0799,2025-01-27 12:57:20,D003,U005,1
T0800,2025-01-08 16:13:19,D004,U010,2
T0801,2025-01-23 07:30:35,D003,U007,6
T0802,2025-01-22 01:10:54,D005,U006,1
T0803,2025-01-18 22:52:15,D001,U003,5
T0804,2025-01-08 20:58:16,D001,U008,1
T0805,2025-01-15 10:15:00,D004,U007,2
T0806,2025-01-09 11:41:23,D004,U008,4
T0807,2025-01-06 21:36:31,D001,U004,4
T0808,2025-01-06 16:08:50,D001,U001,9
T0809,2025-01-09 05:52:18,D001,U008,4
T0810,2025-01-30 12:43:40,D004,U003,7
T0811,2025-01-03 22:14:30,D002,U001,9
T0812,2025-01-11 12:21:31,D004,U008,3
T0813,2025-01-10 09:52:42,D004,U010,6
T0814,2025-01-11 17:53:38,D004,U007,5
T0815,2025-01-03 04:27:21,D004,U003,7
T0816,2025-01-16 18:24:26,D001,U007,3
T0817,2025-01-12 19:45:11,D004,U010,6
T0818,2025-01-11 05:46:29,D002,U009,7
T0819,2025-01-04 02:19:03,D004,U010,9
T0820,2025-01-21 15:35:29,D004,U005,8
T0821,2025-01-02 12:34:46,D001,U003,2
T0822,2025-01-23 06:16:09,D001,U008,2
T0823,2025-01-30 00:52:00,D001,U006,5
T0824,2025-01-04 01:40:26,D001,U003,10
T0825,2025-01-06 07:27:12,D001,,3
T0826,2025-01-18 21:40:42,D005,U007,9
T0827,2025-01-09 20:39:01,D003,U004,3
T0828,2025-01-24 23:24:03,D003,U002,7
T0829,2025-01-07 14:53:49,D003,U008,4
T0830,2025-01-26 08:58:16,D002,U005,8
T0831,2025-01-02 14:47:43,D005,U007,4
T0832,2025-01-12 10:53:35,D001,U007,10
T0833,2025-01-08 04:04:09,D005,U005,10
T0834,2025-01-28 19:32:34,D001,U006,9
T0835,2025-01-24 02:13:31,D004,U007,3
T0836,2025-01-10 05:23:03,D004,U002,8
T0837,2025-01-21 09:10:44,D005,U008,4
T0838,2025-01-22 23:47:16,D005,U006,5
T0839,2025-01-29 22:54:54,D001,U002,5
T0840,2025-01-22 15:35:12,D004,U010,2
T0841,2025-01-03 20:06:45,D004,U010,8
T0842,2025-01-22 15:48:07,D001,U009,5
T0843,2025-01-04 11:58:46,D001,U007,6
T0844,2025-01-15 17:56:09,D003,U003,2
T0845,2025-01-02 12:52:01,D003,,4
T0846,2025-01-16 18:06:21,D004,U002,4
T0847,2025-01-12 23:11:21,D001,U002,6
T0848,2025-01-13 22:55:28,D004,U009,1
T0849,2025-01-05 07:36:47,D004,U001,10
T0850,2025-01-24 16:24:57,D005,U005,7
T0851,2025-01-10 07:52:08,D004,U005,3
T0852,2025-01-08 18:36:15,D003,U008,5
T0853,2025-01-09 08:52:31,D005,U003,8
T0854,2025-01-07 00:18:39,D005,U007,1
T0855,2025-01-23 05:57:47,D005,U001,8
T0856,2025-01-10 04:21:05,D001,U005,10
T0857,2025-01-24 21:28:42,D002,U005,7
T0858,2025-01-15 13:46:10,D002,U006,2
T0859,2025-01-07 13:18:33,D002,,3
T0860,2025-01-15 14:59:22,D005,,10
T0861,2025-01-11 14:52:38,D001,U009,5
T0862,2025-01-27 12:51:58,D001,U004,5
T0863,2025-01-12 03:45:10,D002,U002,3
T0864,2025-01-05 16:54:38,D004,U010,8
T0865,2025-01-01 17:28:53,D005,U003,8
T0866,2025-01-25 10:19:28,D002,U010,1
T0867,2025-01-24 03:43:56,D005,U007,3
T0868,2025-01-21 03:42:01,D005,U009,7
T0869,2025-01-01 05:56:30,D003,U004,9
T0870,2025-01-04 20:48:39,D001,U003,4
T0871,2025-01-26 11:50:15,D002,U010,9
T0872,2025-01-19 16:10:52,D001,U007,9
T0873,2025-01-24 23:22:21,D003,U001,6
T0874,2025-01-04 23:19:00,D004,U009,1
T0875,2025-01-04 15:43:39,D001,U009,2
T0876,2025-01-10 03:28:27,D004,U007,9
T0877,2025-01-27 16:27:25,D005,U007,6
T0878,2025-01-24 14:04:27,D005,U008,5
T0879,2025-01-19 15:29:47,D002,U001,5
T0880,2025-01-21 15:50:33,D004,U001,4
T0881,2025-01-23 05:11:43,D003,U006,5
T0882,2025-01-04 00:50:40,D003,U008,1
T0883,2025-01-12 18:25:43,D004,U004,6
T0884,2025-01-18 05:23:32,D004,U007,2
T0885,2025-01-11 12:03:45,D002,,6
T0886,2025-01-07 05:35:37,D001,U001,7
T0887,2025-01-29 19:33:34,D002,U005,9
T0888,2025-01-14 09:05:04,D002,U008,1
T0889,2025-01-02 07:49:13,D001,U009,2
T0890,2025-01-24 07:10:45,D004,U005,8
T0891,2025-01-23 16:24:57,D001,U003,10
T0892,2025-01-29 21:04:53,D002,U006,10
T0893,2025-01-19 09:34:56,D002,U007,6
T0894,2025-01-26 08:18:17,D005,U001,8
T0895,2025-01-10 03:41:18,D005,U010,5
T0896,2025-01-08 10:52:11,D003,U001,10
T0897,2025-01-25 10:44:37,D005,U002,3
T0898,2025-01-13 01:22:33,D005,U005,9
T0899,2025-01-24 22:12:04,D004,U007,7
T0900,2025-01-14 22:44:43,D002,U005,9
T0901,2025-01-27 20:46:52,D005,,3
T0902,2025-01-16 08:12:33,D002,,2
T0903,2025-01-19 18:44:53,D003,U003,8
T0904,2025-01-27 02:58:24,D002,U004,7
T0905,2025-01-30 05:09:35,D001,U004,10
T0906,2025-01-11 10:31:14,D003,U004,7
T0907,2025-01-23 22:23:11,D003,U002,6
T0908,2025-01-18 01:37:44,D005,U003,4
T0909,2025-01-28 03:55:15,D003,U008,8
T0910,2025-01-27 05:55:43,D005,U007,3
T0911,2025-01-12 00:52:05,D005,,1
T0912,2025-01-04 11:00:15,D004,U008,10
T0913,2025-01-10 12:38:36,D002,U003,3
T0914,2025-01-23 06:56:50,D005,U010,1
T0915,2025-01-10 02:02:08,D004,U001,4
T0916,2025-01-29 21:45:51,D002,U003,4
T0917,2025-01-21 02:01:58,D002,U004,6
T0918,2025-01-28 13:34:14,D002,U005,5
T0919,2025-01-07 11:51:00,D002,U007,6
T0920,2025-01-25 11:50:57,D001,U007,2
T0921,2025-01-08 03:07:16,D005,,1
T0922,2025-01-19 16:27:20,D002,U001,10
T0923,2025-01-08 10:08:45,D004,U003,5
T0924,2025-01-30 13:51:07,D003,U005,1
T0925,2025-01-17 18:44:17,D001,U007,8
T0926,2025-01-11 03:17:51,D003,U004,10
T0927,2025-01-21 06:40:31,D004,U004,1
T0928,2025-01-04 15:44:11,D003,U009,3
T0929,2025-01-23 19:11:37,D005,U010,4
T0930,2025-01-02 10:31:04,D004,U006,10
T0931,2025-01-02 22:22:16,D004,U005,2
T0932,2025-01-30 07:21:51,D003,,9
T0933,2025-01-02 11:28:25,D003,U004,3
T0934,2025-01-09 09:11:50,D003,U002,6
T0935,2025-01-22 14:48:56,D001,,1
T0936,2025-01-27 13:38:31,D002,U001,8
T0937,2025-01-25 00:57:00,D004,,1
T0938,2025-01-09 03:00:21,D003,U002,9
T0939,2025-01-10 18:05:22,D004,U003,5
T0940,2025-01-09 14:09:59,D001,,3
T0941,2025-01-16 07:00:53,D003,U008,7
T0942,2025-01-15 11:12:54,D002,U004,1
T0943,2025-01-24 00:35:24,D001,,3
T0944,2025-01-22 04:53:31,D001,U006,7
T0945,2025-01-15 19:56:14,D004,U009,8
T0946,2025-01-11 19:20:02,D005,U002,5
T0947,2025-01-17 11:08:02,D003,U001,4
T0948,2025-01-01 15:25:34,D002,U009,10
T0949,2025-01-22 11:23:42,D002,U010,9
T0950,2025-01-25 05:07:11,D001,U004,8
T0951,2025-01-19 23:31:18,D004,U008,3
T0952,2025-01-28 02:29:11,D003,,3
T0953,2025-01-14 13:59:17,D001,U006,4
T0954,2025-01-16 12:31:44,D005,U009,2
T0955,2025-01-07 08:54:53,D005,U008,4
T0956,2025-01-05 18:05:34,D004,U009,8
T0957,2025-01-09 17:25:53,D005,U009,8
T0958,2025-01-16 23:55:14,D003,U007,9
T0959,2025-01-24 02:34:08,D004,U004,8
T0960,2025-01-08 01:19:23,D001,U009,10
T0961,2025-01-15 22:40:30,D004,U002,3
T0962,2025-01-16 02:44:24,D003,U005,8
T0963,2025-01-25 19:42:13,D005,U006,3
T0964,2025-01-30 05:03:25,D001,U010,7
T0965,2025-01-23 13:13:02,D001,U003,5
T0966,2025-01-20 15:28:06,D001,U004,5
T0967,2025-01-30 03:13:56,D005,U001,8
T0968,2025-01-03 00:39:27,D003,U008,7
T0969,2025-01-12 07:26:50,D003,U002,3
T0970,2025-01-22 23:21:53,D003,U003,5
T0971,2025-01-27 07:54:36,D005,,9
T0972,2025-01-18 05:23:59,D005,U004,2
T0973,2025-01-08 11:12:18,D004,U001,2
T0974,2025-01-11 14:30:51,D005,U004,8
T0975,2025-01-02 19:04:33,D001,U001,7
T0976,2025-01-13 05:20:51,D001,U006,6
T0977,2025-01-25 18:17:50,D001,U004,5
T0978,2025-01-27 01:12:46,D001,U006,9
T0979,2025-01-18 13:08:02,D004,U007,4
T0980,2025-01-09 15:22:42,D004,U009,7
T0981,2025-01-24 04:03:16,D003,U003,2
T0982,2025-01-15 23:51:23,D002,U010,6
T0983,2025-01-08 00:23:35,D005,U005,3
T0984,2025-01-07 10:57:33,D004,U002,5
T0985,2025-01-29 00:43:20,D005,U008,9
T0986,2025-01-07 07:51:56,D002,U005,9
T0987,2025-01-11 03:13:42,D004,U003,5
T0988,2025-01-23 21:36:57,D005,U008,4
T0989,2025-01-19 19:14:53,D005,U008,3
T0990,2025-01-12 00:34:27,D001,U007,8
T0991,2025-01-06 03:16:43,D001,U007,9
T0992,2025-01-28 16:18:57,D004,U001,3
T0993,2025-01-26 21:21:37,D001,U008,9
T0994,2025-01-07 22:34:07,D005,U002,4
T0995,2025-01-11 16:49:33,D005,U009,4
T0996,2025-01-09 12:35:51,D004,U008,4
T0997,2025-01-24 14:25:48,D002,,6
T0998,2025-01-28 16:39:39,D004,U001,2
T0999,2025-01-27 14:16:49,D003,,1
T1000,2025-01-02 14:19:28,D005,U006,6
